<?xml version="1.0" encoding="ISO-8859-1"?>
<?xml-stylesheet type="text/xsl" href="movie.xslt"?>


    <Movie> 
        <TITLE>Polt </TITLE> 
        <GENRE>Kids</GENRE> 
        <MovieNumber>1</MovieNumber>
        <COUNTRY>USA</COUNTRY> 
        <COMPANY> Pixar</COMPANY> 
        <DIRECTOR> N/A</DIRECTOR> 
         <YEAR>2011</YEAR> 
    </Movie>
        
    <Movie> 
        <TITLE>King Kong </TITLE> 
        <GENRE>Romance, Action </GENRE> 
        <MovieNumber>2</MovieNumber>
        <COUNTRY>USA</COUNTRY> 
        <COMPANY> Warner Brothers</COMPANY> 
        <DIRECTOR>Peter Jackson</DIRECTOR> 
        <YEAR>2006</YEAR> 
    </Movie>
    
    <Movie>
       <TITLE>Horrible Bosses</TITLE> 
        <GENRE>Comedy</GENRE> 
        <MovieNumber>3</MovieNumber>
        <COUNTRY>USA</COUNTRY> 
        <COMPANY> Sony</COMPANY> 
        <DIRECTOR>N/A </DIRECTOR> 
        <YEAR>2008</YEAR> 
        </Movie>

    <Movie>
        <TITLE>Avengers</TITLE> 
        <MovieNumber>4</MovieNumber>
        <GENRE>Action</GENRE> 
        <COUNTRY>USA</COUNTRY> 
        <COMPANY> Marvel</COMPANY> 
        <DIRECTOR>N/A </DIRECTOR> 
        <YEAR>2012</YEAR> 
    </Movie>
    
    
<Movie>
        <TITLE>Nacho Libre</TITLE> 
        <MovieNumber>5</MovieNumber>
        <GENRE>Action,Comedy</GENRE> 
        <COUNTRY>USA</COUNTRY> 
        <COMPANY>Sony</COMPANY> 
        <DIRECTOR>N/A </DIRECTOR> 
        <YEAR>2008</YEAR> 
    </Movie>
    
    <Movie>
        <TITLE>Crank</TITLE> 
        <MovieNumber>6</MovieNumber>
        <GENRE>Action</GENRE> 
        <COUNTRY>USA</COUNTRY> 
        <COMPANY>Sony</COMPANY> 
        <DIRECTOR>N/A </DIRECTOR> 
        <YEAR>2011</YEAR> 
    </Movie>
    
    <Movie>
        <TITLE>Mission Impossible</TITLE> 
        <MovieNumber>7</MovieNumber>
        <GENRE>Action,Comedy</GENRE> 
        <COUNTRY>USA</COUNTRY> 
        <COMPANY>Sony</COMPANY> 
        <DIRECTOR>N/A </DIRECTOR> 
        <YEAR>1998</YEAR> 
    </Movie>
    
    <Movie>
        <TITLE>Scream</TITLE> 
        <MovieNumber>8</MovieNumber>
        <GENRE>Horror</GENRE> 
        <COUNTRY>USA</COUNTRY> 
        <COMPANY>Sony</COMPANY> 
        <DIRECTOR>N/A </DIRECTOR> 
        <YEAR>1998</YEAR> 
    </Movie>

 <Movie>
        <TITLE>Evil Dead</TITLE> 
        <MovieNumber>9</MovieNumber>
        <GENRE>Horror</GENRE> 
        <COUNTRY>USA</COUNTRY> 
        <COMPANY>Sony</COMPANY> 
        <DIRECTOR>N/A </DIRECTOR> 
        <YEAR>1996</YEAR> 
    </Movie>
    
    <Movie>
        <TITLE>Evil Dead</TITLE> 
        <MovieNumber>9</MovieNumber>
        <GENRE>Horror</GENRE> 
        <COUNTRY>USA</COUNTRY> 
        <COMPANY>Sony</COMPANY> 
        <DIRECTOR>N/A </DIRECTOR> 
        <YEAR>1996</YEAR> 
    </Movie>
    
    <Movie>
        <TITLE>Matrix</TITLE> 
        <MovieNumber>10</MovieNumber>
        <GENRE>Action</GENRE> 
        <COUNTRY>USA</COUNTRY> 
        <COMPANY>Sony</COMPANY> 
        <DIRECTOR>N/A </DIRECTOR> 
        <YEAR>1999</YEAR> 
    </Movie>
    
    <Movie>
        <TITLE>Hachet</TITLE> 
        <MovieNumber>11</MovieNumber>
        <GENRE>Action</GENRE> 
        <COUNTRY>USA</COUNTRY> 
        <COMPANY>Sony</COMPANY> 
        <DIRECTOR>N/A </DIRECTOR> 
        <YEAR>1999</YEAR> 
    </Movie>
    
    <Movie>
        <TITLE>Step Brothers</TITLE> 
        <MovieNumber>12</MovieNumber>
        <GENRE>Horror</GENRE> 
        <COUNTRY>USA</COUNTRY> 
        <COMPANY>Sony</COMPANY> 
        <DIRECTOR>N/A </DIRECTOR> 
        <YEAR>2008</YEAR> 
    </Movie>
    
    <Movie>
        <TITLE>This is the end</TITLE> 
        <MovieNumber>13</MovieNumber>
        <GENRE>Comedy</GENRE> 
        <COUNTRY>USA</COUNTRY> 
        <COMPANY>Sony</COMPANY> 
        <DIRECTOR>N/A </DIRECTOR> 
        <YEAR>2011</YEAR> 
    </Movie>
    
    <Movie>
        <TITLE>Dawn of The Dead</TITLE> 
        <MovieNumber>14</MovieNumber>
        <GENRE>Horror</GENRE> 
        <COUNTRY>USA</COUNTRY> 
        <COMPANY>Sony</COMPANY> 
        <DIRECTOR>N/A </DIRECTOR> 
        <YEAR>2001</YEAR> 
    </Movie>
    
    <Movie>
        <TITLE>Pineapple Express</TITLE> 
        <MovieNumber>15</MovieNumber>
        <GENRE>Comedy</GENRE> 
        <COUNTRY>USA</COUNTRY> 
        <COMPANY>Sony</COMPANY> 
        <DIRECTOR>N/A </DIRECTOR> 
        <YEAR>2007</YEAR> 
    </Movie>
