<?xml version="1.0" encoding ="utf-8"?>
AddType application/x-httpd-php .xml
<rss version="2.0">
   
<channel>
   <title>Random Movie Generator</title> 
   <link>http://www.makeuseof.com/</link>
   <description>Generates a Random Movie</description>
   
   <item>
       <title>Added Scream</title>
       <link>https://preview.c9users.io/paulcoughlan/project/index.html?_c9_id=livepreview1&_c9_host=https://ide.c9.io</link>
       <language>en-uk</language>
       <pubDate>>Sat, 5 Dec 2010 14:23:10 GMT</pubDate>
       <description>Added the movie Scream</description>
       <image>
          <title>image</title>
          <link>https://preview.c9users.io/paulcoughlan/project/index.html?_c9_id=livepreview4&_c9_host=https://ide.c9.io</link>
          <url>http://lsntap.org/sites/all/files/rssorange.png</url>
          <width>124</width>
          <height>150</height>
       </image>
   </item>
    
</channel> 
</rss>